Species,thermal_limit,collection_latitude,Zone,Source
Adenomera andreae,35.24814815,-12.568611,tropical,von May et al. (2019)
Allobates conspicuus,34.1,-12.568611,tropical,von May et al. (2019)
Allobates femoralis,39.6,-12.568611,tropical,von May et al. (2019)
Allobates trilineatus,33.13333333,-12.568611,tropical,von May et al. (2019)
Amazophrynella javierbustamantei,32.05,-12.568611,tropical,von May et al. (2019)
Ameerega hahneli,37.06153846,-12.568611,tropical,von May et al. (2019)
Ameerega trivittata,37.95,-12.568611,tropical,von May et al. (2019)
Chiasmocleis bassleri,37.2,-12.568611,tropical,von May et al. (2019)
Chiasmocleis royi,37.86956522,-12.568611,tropical,von May et al. (2019)
Ctenophryne geayi,38.32222222,-12.568611,tropical,von May et al. (2019)
Dendropsophus koechlini,38.65,-12.568611,tropical,von May et al. (2019)
Dendropsophus leucophyllatus,39.6,-12.568611,tropical,von May et al. (2019)
Dendropsophus minutus,34.07,-12.568611,tropical,von May et al. (2019)
Dendropsophus kamagarini,36.8,-12.568611,tropical,von May et al. (2019)
Dendropsophus schubarti,36.04,-12.568611,tropical,von May et al. (2019)
Dendropsophus triangulum,37.33333333,-12.568611,tropical,von May et al. (2019)
Edalorhina perezi,38.04666667,-12.568611,tropical,von May et al. (2019)
Elachistocleis muiraquitan,39.83333333,-12.568611,tropical,von May et al. (2019)
Engystomops freibergi,36.41428571,-12.568611,tropical,von May et al. (2019)
Hamptophryne boliviana,38.20625,-12.568611,tropical,von May et al. (2019)
Boana cinerascens,38.55,-12.568611,tropical,von May et al. (2019)
Boana geographica,37.425,-12.568611,tropical,von May et al. (2019)
Boana lanciformis,40.7,-12.568611,tropical,von May et al. (2019)
Boana sp. G,36.91666667,-12.568611,tropical,von May et al. (2019)
Boana punctata,39.3,-12.568611,tropical,von May et al. (2019)
Leptodactylus bolivianus,36.45,-12.568611,tropical,von May et al. (2019)
Leptodactylus didymus,36,-12.568611,tropical,von May et al. (2019)
Leptodactylus leptodactyloides,37.43333333,-12.568611,tropical,von May et al. (2019)
Leptodactylus petersii,37.68571429,-12.568611,tropical,von May et al. (2019)
Lithodytes lineatus,38.2,-12.568611,tropical,von May et al. (2019)
Noblella myrmecoides,30.85555556,-12.568611,tropical,von May et al. (2019)
Oreobates cruralis,34.9875,-12.568611,tropical,von May et al. (2019)
Oreobates quixensis,37.73333333,-12.568611,tropical,von May et al. (2019)
Osteocephalus buckleyi,38.3,-12.568611,tropical,von May et al. (2019)
Phyllomedusa camba,40.3,-12.568611,tropical,von May et al. (2019)
Phyllomedusa vaillantii,39.43333333,-12.568611,tropical,von May et al. (2019)
Pristimantis buccinator,32.3,-12.568611,tropical,von May et al. (2019)
Pristimantis carvalhoi,31.525,-12.568611,tropical,von May et al. (2019)
Pristimantis fenestratus,33.43333333,-12.568611,tropical,von May et al. (2019)
Pristimantis ockendeni,29.9875,-12.568611,tropical,von May et al. (2019)
Pristimantis reichlei,32.78974359,-12.568611,tropical,von May et al. (2019)
Pristimantis toftae,31.65882353,-12.568611,tropical,von May et al. (2019)
Ranitomeya sirensis,38.03333333,-12.568611,tropical,von May et al. (2019)
Rhinella margaritifera,36.84444444,-12.568611,tropical,von May et al. (2019)
Rhinella marina,42.6,-12.568611,tropical,von May et al. (2019)
Scarthyla goinorum,35.9,-12.568611,tropical,von May et al. (2019)
Scinax ictericus,38.68333333,-12.568611,tropical,von May et al. (2019)
Scinax ruber,40.25,-12.568611,tropical,von May et al. (2019)
Sphaenorhynchus lacteus,39.9,-12.568611,tropical,von May et al. (2019)
Trachycephalus typhonius,40.45,-12.568611,tropical,von May et al. (2019)
Adenomera andreae,12.76666667,-12.568611,tropical,von May et al. (2019)
Allobates conspicuus,13.46666667,-12.568611,tropical,von May et al. (2019)
Allobates femoralis,12.9625,-12.568611,tropical,von May et al. (2019)
Allobates trilineatus,9.95,-12.568611,tropical,von May et al. (2019)
Amazophrynella javierbustamantei,NA,-12.568611,tropical,von May et al. (2019)
Ameerega hahneli,11.55,-12.568611,tropical,von May et al. (2019)
Ameerega trivittata,10.0125,-12.568611,tropical,von May et al. (2019)
Chiasmocleis bassleri,7.85,-12.568611,tropical,von May et al. (2019)
Chiasmocleis royi,8.4,-12.568611,tropical,von May et al. (2019)
Ctenophryne geayi,10.05,-12.568611,tropical,von May et al. (2019)
Dendropsophus koechlini,7.833333333,-12.568611,tropical,von May et al. (2019)
Dendropsophus leucophyllatus,NA,-12.568611,tropical,von May et al. (2019)
Dendropsophus minutus,NA,-12.568611,tropical,von May et al. (2019)
Dendropsophus kamagarini,9.51,-12.568611,tropical,von May et al. (2019)
Dendropsophus schubarti,7.333333333,-12.568611,tropical,von May et al. (2019)
Dendropsophus triangulum,11.2,-12.568611,tropical,von May et al. (2019)
Edalorhina perezi,11.92,-12.568611,tropical,von May et al. (2019)
Elachistocleis muiraquitan,8.25,-12.568611,tropical,von May et al. (2019)
Engystomops freibergi,8.3,-12.568611,tropical,von May et al. (2019)
Hamptophryne boliviana,4.9,-12.568611,tropical,von May et al. (2019)
Boana cinerascens,10.5,-12.568611,tropical,von May et al. (2019)
Boana geographica,NA,-12.568611,tropical,von May et al. (2019)
Boana lanciformis,14.95,-12.568611,tropical,von May et al. (2019)
Boana sp. G,NA,-12.568611,tropical,von May et al. (2019)
Boana punctata,11.75,-12.568611,tropical,von May et al. (2019)
Leptodactylus bolivianus,10.7,-12.568611,tropical,von May et al. (2019)
Leptodactylus didymus,11.3,-12.568611,tropical,von May et al. (2019)
Leptodactylus leptodactyloides,11.7,-12.568611,tropical,von May et al. (2019)
Leptodactylus petersii,15.2,-12.568611,tropical,von May et al. (2019)
Lithodytes lineatus,10.53333333,-12.568611,tropical,von May et al. (2019)
Noblella myrmecoides,9.8,-12.568611,tropical,von May et al. (2019)
Oreobates cruralis,NA,-12.568611,tropical,von May et al. (2019)
Oreobates quixensis,7.52,-12.568611,tropical,von May et al. (2019)
Osteocephalus buckleyi,12.7,-12.568611,tropical,von May et al. (2019)
Phyllomedusa camba,13.8,-12.568611,tropical,von May et al. (2019)
Phyllomedusa vaillantii,NA,-12.568611,tropical,von May et al. (2019)
Pristimantis buccinator,8.257142857,-12.568611,tropical,von May et al. (2019)
Pristimantis carvalhoi,11.7625,-12.568611,tropical,von May et al. (2019)
Pristimantis fenestratus,13.96666667,-12.568611,tropical,von May et al. (2019)
Pristimantis ockendeni,NA,-12.568611,tropical,von May et al. (2019)
Pristimantis reichlei,7.85,-12.568611,tropical,von May et al. (2019)
Pristimantis toftae,10.8,-12.568611,tropical,von May et al. (2019)
Ranitomeya sirensis,12.7,-12.568611,tropical,von May et al. (2019)
Rhinella margaritifera,11.2,-12.568611,tropical,von May et al. (2019)
Rhinella marina,NA,-12.568611,tropical,von May et al. (2019)
Scarthyla goinorum,NA,-12.568611,tropical,von May et al. (2019)
Scinax ictericus,NA,-12.568611,tropical,von May et al. (2019)
Scinax ruber,NA,-12.568611,tropical,von May et al. (2019)
Sphaenorhynchus lacteus,NA,-12.568611,tropical,von May et al. (2019)
Trachycephalus typhonius,NA,-12.568611,tropical,von May et al. (2019)
Craugastor_longirostris,6,-3.3286,tropical,Pintanel et al. (2019)
P._achatinus_POP_1,6.2,-0.0879,tropical,Pintanel et al. (2019)
P._latidiscus,9.5,1.0252,tropical,Pintanel et al. (2019)
P._laticlavius_POP_1,7.85,1.0252,tropical,Pintanel et al. (2019)
P._matidiktyo,5.8,-1.3548,tropical,Pintanel et al. (2019)
P._incomptus,NA,-1.3619,tropical,Pintanel et al. (2019)
P._quaquaversus,NA,-1.3619,tropical,Pintanel et al. (2019)
P._achatinus_POP_2,6.08,0.3097,tropical,Pintanel et al. (2019)
P._crenunguis,5.45,0.3097,tropical,Pintanel et al. (2019)
P._crucifer,5.7,0.3097,tropical,Pintanel et al. (2019)
P._parvillus,4.7,0.3097,tropical,Pintanel et al. (2019)
P._trachyblepharis,4.98,-4.112,tropical,Pintanel et al. (2019)
P._laticlavius_POP_2,4.18,0.953,tropical,Pintanel et al. (2019)
P._bicantus_POP_1,4.4,-2.0693,tropical,Pintanel et al. (2019)
P._bicantus_POP_2,4.25,-0.4496,tropical,Pintanel et al. (2019)
P._actites,4.9,-0.9713,tropical,Pintanel et al. (2019)
P._unistrigatus_POP_1,-1.84,-0.9713,tropical,Pintanel et al. (2019)
P._vertebralis,1.67,-0.9364,tropical,Pintanel et al. (2019)
P._riveti,-2.09,-2.8431,tropical,Pintanel et al. (2019)
P._phoxocephalus,0.35,-0.9618,tropical,Pintanel et al. (2019)
P._unistrigatus_POP_2,-1.92,-0.1873,tropical,Pintanel et al. (2019)
P._pycnodermis,-2.05,-2.1796,tropical,Pintanel et al. (2019)
P._curtipes,-3,-0.327,tropical,Pintanel et al. (2019)
P._festae,-3,-0.3221,tropical,Pintanel et al. (2019)
Craugastor_longirostris,40.7,-3.3286,tropical,Pintanel et al. (2019)
P._achatinus_POP_1,39.5,-0.0879,tropical,Pintanel et al. (2019)
P._latidiscus,37.2,1.0252,tropical,Pintanel et al. (2019)
P._laticlavius_POP_1,33.9,1.0252,tropical,Pintanel et al. (2019)
P._matidiktyo,38,-1.3548,tropical,Pintanel et al. (2019)
P._incomptus,34.55,-1.3619,tropical,Pintanel et al. (2019)
P._quaquaversus,34.7,-1.3619,tropical,Pintanel et al. (2019)
P._achatinus_POP_2,37.26,0.3097,tropical,Pintanel et al. (2019)
P._crenunguis,33.83,0.3097,tropical,Pintanel et al. (2019)
P._crucifer,NA,0.3097,tropical,Pintanel et al. (2019)
P._parvillus,NA,0.3097,tropical,Pintanel et al. (2019)
P._trachyblepharis,32.57,-4.112,tropical,Pintanel et al. (2019)
P._laticlavius_POP_2,35.37,0.953,tropical,Pintanel et al. (2019)
P._bicantus_POP_1,32.12,-2.0693,tropical,Pintanel et al. (2019)
P._bicantus_POP_2,31.07,-0.4496,tropical,Pintanel et al. (2019)
P._actites,33.25,-0.9713,tropical,Pintanel et al. (2019)
P._unistrigatus_POP_1,34.66,-0.9713,tropical,Pintanel et al. (2019)
P._vertebralis,30.46,-0.9364,tropical,Pintanel et al. (2019)
P._riveti,34.84,-2.8431,tropical,Pintanel et al. (2019)
P._phoxocephalus,31,-0.9618,tropical,Pintanel et al. (2019)
P._unistrigatus_POP_2,36.43,-0.1873,tropical,Pintanel et al. (2019)
P._pycnodermis,34.18,-2.1796,tropical,Pintanel et al. (2019)
P._curtipes,34.45,-0.327,tropical,Pintanel et al. (2019)
P._festae,32.8,-0.3221,tropical,Pintanel et al. (2019)
Dendrosophus minutus,6.14,-23.05732,tropical,This study
Boana faber,3.41,-23.10359,tropical,This study
Rhinella icterica,2.71,-22.93027,tropical,This study
Physalaemus cuvieri,7.85,-23.01363,tropical,This study
Leptodactylus latrans,4.64,-23.0275,tropical,This study
Dendrosophus minutus,33.25,-23.05732,tropical,This study
Boana faber,38.44,-23.10359,tropical,This study
Rhinella icterica,38.77,-22.93027,tropical,This study
Physalaemus cuvieri,35.07,-23.01363,tropical,This study
Leptodactylus latrans,38.78,-23.0275,tropical,This study
Bryophryne cophites,27.8,-12.725,tropical,Catenazzi et al. (2014)
Bryophryne hanssaueri,24.9,-12.725,tropical,Catenazzi et al. (2014)
Bryophryne nubilosus,27.4,-12.725,tropical,Catenazzi et al. (2014)
Noblella pygmaea,26.2,-12.725,tropical,Catenazzi et al. (2014)
Oreobates gemcare,26.7,-12.725,tropical,Catenazzi et al. (2014)
Pristimantis danae,29,-12.725,tropical,Catenazzi et al. (2014)
Pristimantis pharangobates,26.8,-12.725,tropical,Catenazzi et al. (2014)
Pristimantis salaputium,29.1,-12.725,tropical,Catenazzi et al. (2014)
Pristimantis toftae,29.8,-12.725,tropical,Catenazzi et al. (2014)
Psychrophrynella sp. “P”,27.8,-12.725,tropical,Catenazzi et al. (2014)
Psychrophrynella usurpator,28.2,-12.725,tropical,Catenazzi et al. (2014)
Bryophryne cophites,28,-12.725,tropical,von May et al. (2017)
Bryophryne cophites,1.6,-12.725,tropical,von May et al. (2017)
Bryophryne hanssaueri,24.8,-12.725,tropical,von May et al. (2017)
Bryophryne nubilosus,27.3,-12.725,tropical,von May et al. (2017)
Noblella myrmecoides,30.9,-12.725,tropical,von May et al. (2017)
Noblella myrmecoides,11.7,-12.725,tropical,von May et al. (2017)
Noblella pygmaea,26.6,-12.725,tropical,von May et al. (2017)
Noblella sp. R,30.6,-12.725,tropical,von May et al. (2017)
Oreobates cruralis,34.8,-12.725,tropical,von May et al. (2017)
Oreobates cruralis,15.2,-12.725,tropical,von May et al. (2017)
Oreobates gemcare,26.5,-12.725,tropical,von May et al. (2017)
Oreobates granulosus,30.4,-12.725,tropical,von May et al. (2017)
Pristimantis buccinator,32.3,-12.725,tropical,von May et al. (2017)
Pristimantis buccinator,12.7,-12.725,tropical,von May et al. (2017)
Pristimantis carvalhoi,30.6,-12.725,tropical,von May et al. (2017)
Pristimantis carvalhoi,8.8,-12.725,tropical,von May et al. (2017)
Pristimantis danae,29,-12.725,tropical,von May et al. (2017)
Pristimantis danae,6.3,-12.725,tropical,von May et al. (2017)
Pristimantis lindae,27.1,-12.725,tropical,von May et al. (2017)
Pristimantis lindae,6,-12.725,tropical,von May et al. (2017)
Pristimantis ockendeni,29.9,-12.725,tropical,von May et al. (2017)
Pristimantis ockendeni,7.9,-12.725,tropical,von May et al. (2017)
Pristimantis pharangobates,26.5,-12.725,tropical,von May et al. (2017)
Pristimantis pharangobates,5.2,-12.725,tropical,von May et al. (2017)
Pristimantis platydactylus,28.9,-12.725,tropical,von May et al. (2017)
Pristimantis platydactylus,6.8,-12.725,tropical,von May et al. (2017)
Pristimantis reichlei,31.3,-12.725,tropical,von May et al. (2017)
Pristimantis reichlei,8.2,-12.725,tropical,von May et al. (2017)
Pristimantis salaputium,29.2,-12.725,tropical,von May et al. (2017)
Pristimantis salaputium,7.6,-12.725,tropical,von May et al. (2017)
Pristimantis toftae,30.2,-12.725,tropical,von May et al. (2017)
Pristimantis toftae,7.2,-12.725,tropical,von May et al. (2017)
Psychrophrynella sp. P,27.7,-12.725,tropical,von May et al. (2017)
Psychrophrynella sp. R,26.8,-12.725,tropical,von May et al. (2017)
Psychrophrynella usurpator,28.2,-12.725,tropical,von May et al. (2017)
Psychrophrynella usurpator,2.9,-12.725,tropical,von May et al. (2017)
Pleurodema marmoratum,33,-13.7,tropical,Reider et al. (2020)
Pleurodema marmoratum,-2.9,-13.7,tropical,Reider et al. (2020)
Bufo_alvarius,2.5,31,temperate,GlobTherm (2018)
Bufo_boreas,NA,34.12,temperate,GlobTherm (2018)
Bufo_canaliferus,9.5,14.58,tropical,GlobTherm (2018)
Bufo_canorus,-2,37.91,temperate,GlobTherm (2018)
Bufo_cocifer,2.8,9.93,tropical,GlobTherm (2018)
Bufo_cognatus,-4,31,temperate,GlobTherm (2018)
Bufo_debilis,2.5,27,temperate,GlobTherm (2018)
Bufo_exsul,-4,38.06,temperate,GlobTherm (2018)
Bufo_haemititicus,9.5,9.75,tropical,GlobTherm (2018)
Bufo_leutkeni,7.8,14,tropical,GlobTherm (2018)
Bufo_marinus,11,9.15,tropical,GlobTherm (2018)
Bufo_marmoreus,7.8,16.17,tropical,GlobTherm (2018)
Bufo_mazatlanensis,5,27,temperate,GlobTherm (2018)
Bufo_nelsoni,NA,36.91,temperate,GlobTherm (2018)
Bufo_woodhousii_fowleri,NA,41.779,temperate,GlobTherm (2018)
Eleutherodactylus_fleischmanni,6,10.03,tropical,GlobTherm (2018)
Dendrobates_auratus,9.5,9.94,tropical,GlobTherm (2018)
Acris_crepitans,-1,29.95,temperate,GlobTherm (2018)
Cyclorana_alboguttatus,NA,-20,tropical,GlobTherm (2018)
Hyla_alpina,NA,-36.41,temperate,GlobTherm (2018)
Hyla_aurea,NA,-38.591,temperate,GlobTherm (2018)
Hyla_bicolor,NA,-17.93,tropical,GlobTherm (2018)
Hyla_caerulea,NA,-20.151,tropical,GlobTherm (2018)
Hyla_chloris,NA,-17.27,tropical,GlobTherm (2018)
Hyla_chrysocelis,2.1,32.6,temperate,GlobTherm (2018)
Hyla_cinerea,4.7,32.6,temperate,GlobTherm (2018)
Hyla_citropa,NA,-30.5,temperate,GlobTherm (2018)
Hyla_ewingi,NA,-30.51,temperate,GlobTherm (2018)
Hyla_freycineti,NA,-33.38,temperate,GlobTherm (2018)
Hyla_glauerti,NA,-17.93,tropical,GlobTherm (2018)
Hyla_gracilenta,NA,-17.27,tropical,GlobTherm (2018)
Hyla_gratiosa,5.1,32.6,temperate,GlobTherm (2018)
Hyla_labialis,NA,4.38,tropical,GlobTherm (2018)
Hyla_lesueuri,NA,-37.48,temperate,GlobTherm (2018)
Hyla_peroni,NA,-30.51,temperate,GlobTherm (2018)
Hyla_phaeota,2.8,29.95,temperate,GlobTherm (2018)
Hyla_phyllochroa,NA,-37.41,temperate,GlobTherm (2018)
Hyla_regilla,-1,34.12,temperate,GlobTherm (2018)
Hyla_rothi,NA,-17.93,tropical,GlobTherm (2018)
Hyla_rubella,NA,-17.27,tropical,GlobTherm (2018)
Hyla_squirella,-1,29.95,temperate,GlobTherm (2018)
Hyla_verreauxi,NA,-37.48,temperate,GlobTherm (2018)
Hyla_walkeri,-2.2,16.75,tropical,GlobTherm (2018)
Litoria_gracilenta,NA,-27.5,temperate,GlobTherm (2018)
Phyllomedusa_dacnicolor,2.5,20.758,tropical,GlobTherm (2018)
Pseudacris_triseriata,-3,50.23,temperate,GlobTherm (2018)
Pseudacris_triseriata,NA,40.6,temperate,GlobTherm (2018)
Pternohyla_fodiens,6.5,27.975,temperate,GlobTherm (2018)
Smilisca_baudini,5,24.395,temperate,GlobTherm (2018)
Tlalocohyla_smithi,5,21.574,tropical,GlobTherm (2018)
Craugastor_fleischmanni,2.5,9.93,tropical,GlobTherm (2018)
Eleutherodactylus_coqui,7.5,18.31,tropical,GlobTherm (2018)
Eleutherodactylus_fitzingeri,8,9.15,tropical,GlobTherm (2018)
Eleutherodactylus_portoricensus,7.5,18.31,tropical,GlobTherm (2018)
Engystomops_pustulosus,6,9.15,tropical,GlobTherm (2018)
Leptodactylus_melanotus,5,30,temperate,GlobTherm (2018)
Leptodactylus_pentadactylus,6,9.15,tropical,GlobTherm (2018)
Cophixalis_ornatus,NA,-17.82,tropical,GlobTherm (2018)
Gastrophyrne_mazatlanensis,2.5,31,temperate,GlobTherm (2018)
Hypophacus_sp,2.5,31,temperate,GlobTherm (2018)
Adelotus_brevis,NA,-33.43,temperate,GlobTherm (2018)
Crinia_darlingtoni,NA,-28.28,temperate,GlobTherm (2018)
Crinia_laevis,NA,-37.5,temperate,GlobTherm (2018)
Crinia_parainsignifera,NA,-31.55,temperate,GlobTherm (2018)
Crinia_signifera,NA,-36.45,temperate,GlobTherm (2018)
Crinia_victoriana,NA,-37.84,temperate,GlobTherm (2018)
Limnodynastes_dorsalis,NA,-31.1,temperate,GlobTherm (2018)
Limnodynastes_fletcheri,NA,-31.55,temperate,GlobTherm (2018)
Limnodynastes_peroni,NA,-33.43,temperate,GlobTherm (2018)
Limnodynastes_tasmaniensis,NA,-30.51,temperate,GlobTherm (2018)
Myxophyes_fasciolatus,NA,-33.43,temperate,GlobTherm (2018)
Neobatrachus_pictus,NA,-31.1,temperate,GlobTherm (2018)
Philoria_frosti,NA,-37.84,temperate,GlobTherm (2018)
Philoria_loveridgei,NA,-28.28,temperate,GlobTherm (2018)
Philoria_sphagnicola,NA,-30.5,temperate,GlobTherm (2018)
Pseudophryne_bibroni,NA,-30.51,temperate,GlobTherm (2018)
Pseudophryne_corroboree,NA,-36.39,temperate,GlobTherm (2018)
Pseudophryne_dendyi,NA,-30.51,temperate,GlobTherm (2018)
Paa_spinosa,NA,24.48,temperate,GlobTherm (2018)
Rana_boyleri,NA,39.72,temperate,GlobTherm (2018)
Rana_cascadae,-1,40.02,temperate,GlobTherm (2018)
Rana_catesbeiana,NA,40.74,temperate,GlobTherm (2018)
Rana_clamitans,NA,40.74,temperate,GlobTherm (2018)
Rana_palmipes,-1,9.75,tropical,GlobTherm (2018)
Rana_palustris,NA,40.74,temperate,GlobTherm (2018)
Rana_pipiens,-1.6,16.75,tropical,GlobTherm (2018)
Rana_pretiosa,-1,51.2,temperate,GlobTherm (2018)
Rana_sylvaticus,0.5,42.54,temperate,GlobTherm (2018)
Rana_virgatipes,NA,40.1,temperate,GlobTherm (2018)
Rana_warszewitschii,4.8,10.03,tropical,GlobTherm (2018)
Spea_hammondi,0,31,temperate,GlobTherm (2018)
Spea_holbrooki,NA,40.74,temperate,GlobTherm (2018)
Ambystoma_jeffersonianum,NA,40.23,temperate,GlobTherm (2018)
Ambystoma_macrodactylum,NA,45.5,temperate,GlobTherm (2018)
Ambystoma_maculatum,NA,35.55,temperate,GlobTherm (2018)
Desmognathus_fuscus,-2.3,39.74,temperate,GlobTherm (2018)
Desmognathus_ochrophaeus,NA,37.4,temperate,GlobTherm (2018)
Desmognathus_quadramaculatus,NA,37.4,temperate,GlobTherm (2018)
Diemictylus_viridescens,NA,37.4,temperate,GlobTherm (2018)
Eurycea_bislineata,-2,39.74,temperate,GlobTherm (2018)
Eurycea_longicauda,NA,36.11,temperate,GlobTherm (2018)
Eurycea_lucifuga,NA,36.11,temperate,GlobTherm (2018)
Eurycea_multiplicata,NA,36.1,temperate,GlobTherm (2018)
Eurycea_nana,NA,29.9,temperate,GlobTherm (2018)
Plethodon_glutinosus,NA,40.78,temperate,GlobTherm (2018)
Bufo_alvarius,39.9,31,temperate,GlobTherm (2018)
Bufo_boreas,36.5,34.12,temperate,GlobTherm (2018)
Bufo_canaliferus,37.3,14.58,tropical,GlobTherm (2018)
Bufo_canorus,38,37.91,temperate,GlobTherm (2018)
Bufo_cocifer,NA,9.93,tropical,GlobTherm (2018)
Bufo_cognatus,41.3,31,temperate,GlobTherm (2018)
Bufo_debilis,40.1,27,temperate,GlobTherm (2018)
Bufo_exsul,37.1,38.06,temperate,GlobTherm (2018)
Bufo_haemititicus,37.5,9.75,tropical,GlobTherm (2018)
Bufo_leutkeni,NA,14,tropical,GlobTherm (2018)
Bufo_marinus,41.8,9.15,tropical,GlobTherm (2018)
Bufo_marmoreus,40.2,16.17,tropical,GlobTherm (2018)
Bufo_mazatlanensis,39.9,27,temperate,GlobTherm (2018)
Bufo_nelsoni,36.2,36.91,temperate,GlobTherm (2018)
Bufo_woodhousii_fowleri,41.1,41.779,temperate,GlobTherm (2018)
Eleutherodactylus_fleischmanni,31.4,10.03,tropical,GlobTherm (2018)
Dendrobates_auratus,34.8,9.94,tropical,GlobTherm (2018)
Acris_crepitans,NA,29.95,temperate,GlobTherm (2018)
Cyclorana_alboguttatus,33.8,-20,tropical,GlobTherm (2018)
Hyla_alpina,32.9,-36.41,temperate,GlobTherm (2018)
Hyla_aurea,36.2,-38.591,temperate,GlobTherm (2018)
Hyla_bicolor,41.4,-17.93,tropical,GlobTherm (2018)
Hyla_caerulea,39.3,-20.151,tropical,GlobTherm (2018)
Hyla_chloris,38.3,-17.27,tropical,GlobTherm (2018)
Hyla_chrysocelis,NA,32.6,temperate,GlobTherm (2018)
Hyla_cinerea,NA,32.6,temperate,GlobTherm (2018)
Hyla_citropa,30.7,-30.5,temperate,GlobTherm (2018)
Hyla_ewingi,32.8,-30.51,temperate,GlobTherm (2018)
Hyla_freycineti,31.3,-33.38,temperate,GlobTherm (2018)
Hyla_glauerti,41.6,-17.93,tropical,GlobTherm (2018)
Hyla_gracilenta,38.3,-17.27,tropical,GlobTherm (2018)
Hyla_gratiosa,NA,32.6,temperate,GlobTherm (2018)
Hyla_labialis,38.6,4.38,tropical,GlobTherm (2018)
Hyla_lesueuri,34.5,-37.48,temperate,GlobTherm (2018)
Hyla_peroni,36.2,-30.51,temperate,GlobTherm (2018)
Hyla_phaeota,NA,29.95,temperate,GlobTherm (2018)
Hyla_phyllochroa,30,-37.41,temperate,GlobTherm (2018)
Hyla_regilla,37.7,34.12,temperate,GlobTherm (2018)
Hyla_rothi,39.4,-17.93,tropical,GlobTherm (2018)
Hyla_rubella,41.6,-17.27,tropical,GlobTherm (2018)
Hyla_squirella,NA,29.95,temperate,GlobTherm (2018)
Hyla_verreauxi,32,-37.48,temperate,GlobTherm (2018)
Hyla_walkeri,38.1,16.75,tropical,GlobTherm (2018)
Litoria_gracilenta,39,-27.5,temperate,GlobTherm (2018)
Phyllomedusa_dacnicolor,28.8,20.758,tropical,GlobTherm (2018)
Pseudacris_triseriata,NA,50.23,temperate,GlobTherm (2018)
Pseudacris_triseriata,38.1,40.6,temperate,GlobTherm (2018)
Pternohyla_fodiens,39.5,27.975,temperate,GlobTherm (2018)
Smilisca_baudini,40.4,24.395,temperate,GlobTherm (2018)
Tlalocohyla_smithi,42.5,21.574,tropical,GlobTherm (2018)
Craugastor_fleischmanni,NA,9.93,tropical,GlobTherm (2018)
Eleutherodactylus_coqui,37.1,18.31,tropical,GlobTherm (2018)
Eleutherodactylus_fitzingeri,NA,9.15,tropical,GlobTherm (2018)
Eleutherodactylus_portoricensus,36.3,18.31,tropical,GlobTherm (2018)
Engystomops_pustulosus,NA,9.15,tropical,GlobTherm (2018)
Leptodactylus_melanotus,39.8,30,temperate,GlobTherm (2018)
Leptodactylus_pentadactylus,NA,9.15,tropical,GlobTherm (2018)
Cophixalis_ornatus,33.3,-17.82,tropical,GlobTherm (2018)
Gastrophyrne_mazatlanensis,NA,31,temperate,GlobTherm (2018)
Hypophacus_sp,NA,31,temperate,GlobTherm (2018)
Adelotus_brevis,31.2,-33.43,temperate,GlobTherm (2018)
Crinia_darlingtoni,31,-28.28,temperate,GlobTherm (2018)
Crinia_laevis,33.5,-37.5,temperate,GlobTherm (2018)
Crinia_parainsignifera,30.5,-31.55,temperate,GlobTherm (2018)
Crinia_signifera,34.9,-36.45,temperate,GlobTherm (2018)
Crinia_victoriana,29.5,-37.84,temperate,GlobTherm (2018)
Limnodynastes_dorsalis,36.5,-31.1,temperate,GlobTherm (2018)
Limnodynastes_fletcheri,28.3,-31.55,temperate,GlobTherm (2018)
Limnodynastes_peroni,32.7,-33.43,temperate,GlobTherm (2018)
Limnodynastes_tasmaniensis,33.4,-30.51,temperate,GlobTherm (2018)
Myxophyes_fasciolatus,30.5,-33.43,temperate,GlobTherm (2018)
Neobatrachus_pictus,29.3,-31.1,temperate,GlobTherm (2018)
Philoria_frosti,28.8,-37.84,temperate,GlobTherm (2018)
Philoria_loveridgei,30.5,-28.28,temperate,GlobTherm (2018)
Philoria_sphagnicola,25.8,-30.5,temperate,GlobTherm (2018)
Pseudophryne_bibroni,34.8,-30.51,temperate,GlobTherm (2018)
Pseudophryne_corroboree,35.2,-36.39,temperate,GlobTherm (2018)
Pseudophryne_dendyi,34.8,-30.51,temperate,GlobTherm (2018)
Paa_spinosa,42.1,24.48,temperate,GlobTherm (2018)
Rana_boyleri,34,39.72,temperate,GlobTherm (2018)
Rana_cascadae,33.6,40.02,temperate,GlobTherm (2018)
Rana_catesbeiana,33.6,40.74,temperate,GlobTherm (2018)
Rana_clamitans,35,40.74,temperate,GlobTherm (2018)
Rana_palmipes,36.9,9.75,tropical,GlobTherm (2018)
Rana_palustris,31.3,40.74,temperate,GlobTherm (2018)
Rana_pipiens,35.2,16.75,tropical,GlobTherm (2018)
Rana_pretiosa,34.8,51.2,temperate,GlobTherm (2018)
Rana_sylvaticus,36,42.54,temperate,GlobTherm (2018)
Rana_virgatipes,38,40.1,temperate,GlobTherm (2018)
Rana_warszewitschii,32.8,10.03,tropical,GlobTherm (2018)
Spea_hammondi,40.3,31,temperate,GlobTherm (2018)
Spea_holbrooki,34,40.74,temperate,GlobTherm (2018)
Ambystoma_jeffersonianum,34,40.23,temperate,GlobTherm (2018)
Ambystoma_macrodactylum,34.4,45.5,temperate,GlobTherm (2018)
Ambystoma_maculatum,38.5,35.55,temperate,GlobTherm (2018)
Desmognathus_fuscus,35,39.74,temperate,GlobTherm (2018)
Desmognathus_ochrophaeus,31.5,37.4,temperate,GlobTherm (2018)
Desmognathus_quadramaculatus,31.4,37.4,temperate,GlobTherm (2018)
Diemictylus_viridescens,37.3,37.4,temperate,GlobTherm (2018)
Eurycea_bislineata,35,39.74,temperate,GlobTherm (2018)
Eurycea_longicauda,37.6,36.11,temperate,GlobTherm (2018)
Eurycea_lucifuga,37.2,36.11,temperate,GlobTherm (2018)
Eurycea_multiplicata,37.5,36.1,temperate,GlobTherm (2018)
Eurycea_nana,37.2,29.9,temperate,GlobTherm (2018)
Plethodon_glutinosus,34.5,40.78,temperate,GlobTherm (2018)